<?xml version="1.0" encoding="UTF-8"?>
<preferences>
 <debug showDebugMenu="0" />
 <systemtable filter="Default">
  <columns>
   <opcodeName visible="0" />
   <connections preferredWidth="47" />
   <irq preferredWidth="34" />
   <export visible="0" />
  </columns>
 </systemtable>
 <clocktable>
  <columns>
   <clockname preferredWidth="302" />
   <clocksource preferredWidth="301" />
   <frequency preferredWidth="283" />
  </columns>
 </clocktable>
 <window width="1366" height="728" x="0" y="0" />
 <library
   expandedCategories="Library/Interface Protocols,Library/Interface Protocols/Serial,Library,Project" />
</preferences>
