<?xml version="1.0" encoding="UTF-8"?>
<preferences>
 <debug showDebugMenu="0" />
 <systemtable>
  <columns>
   <connections preferredWidth="127" />
   <irq preferredWidth="34" />
  </columns>
 </systemtable>
 <clocktable>
  <columns>
   <clockname preferredWidth="517" />
   <clocksource preferredWidth="517" />
   <frequency preferredWidth="498" />
  </columns>
 </clocktable>
 <library
   expandedCategories="Library/Memories and Memory Controllers,Library,Project,Library/Memories and Memory Controllers/On-Chip" />
 <window width="1936" height="1056" x="-8" y="-8" />
</preferences>
