<?xml version="1.0" encoding="UTF-8"?>
<ProgramExecution>
 <SOPCSystem>
  <CompileID>0</CompileID>
  <DeviceFamily>CYCLONEII</DeviceFamily>
  <HDLLanguage>VERILOG</HDLLanguage>
  <Qsys>0</Qsys>
  <SOPCModule>
   <C>1</C>
   <ModuleType>non_altera_module</ModuleType>
   <SOPCInterface>
    <C>2</C>
    <InterfaceType>clock_end</InterfaceType>
    <SOPCInterfaceParameter>
     <C>3</C>
     <Name>clockRate</Name>
     <Value>50000000</Value>
    </SOPCInterfaceParameter>
    <SOPCInterfaceParameter>
     <C>4</C>
     <Name>externallyDriven</Name>
     <Value>false</Value>
    </SOPCInterfaceParameter>
    <SOPCInterfaceParameter>
     <C>5</C>
     <Name>ptfSchematicName</Name>
     <Value></Value>
    </SOPCInterfaceParameter>
    <SOPCPort>
     <C>6</C>
     <Direction>Input</Direction>
     <Role>clk</Role>
     <Width>1</Width>
    </SOPCPort>
   </SOPCInterface>
   <SOPCInterface>
    <C>7</C>
    <InterfaceType>reset_end</InterfaceType>
    <SOPCInterfaceParameter>
     <C>8</C>
     <Name>associatedClock</Name>
     <Value></Value>
    </SOPCInterfaceParameter>
    <SOPCInterfaceParameter>
     <C>9</C>
     <Name>synchronousEdges</Name>
     <Value>NONE</Value>
    </SOPCInterfaceParameter>
    <SOPCPort>
     <C>10</C>
     <Direction>Input</Direction>
     <Role>reset_n</Role>
     <Width>1</Width>
    </SOPCPort>
   </SOPCInterface>
   <SOPCInterface>
    <C>11</C>
    <InterfaceType>clock_start</InterfaceType>
    <SOPCInterfaceParameter>
     <C>12</C>
     <Name>associatedDirectClock</Name>
     <Value>clk_in</Value>
    </SOPCInterfaceParameter>
    <SOPCInterfaceParameter>
     <C>13</C>
     <Name>clockRate</Name>
     <Value>50000000</Value>
    </SOPCInterfaceParameter>
    <SOPCInterfaceParameter>
     <C>14</C>
     <Name>clockRateKnown</Name>
     <Value>true</Value>
    </SOPCInterfaceParameter>
    <SOPCInterfaceParameter>
     <C>15</C>
     <Name>externallyDriven</Name>
     <Value>true</Value>
    </SOPCInterfaceParameter>
    <SOPCInterfaceParameter>
     <C>16</C>
     <Name>ptfSchematicName</Name>
     <Value></Value>
    </SOPCInterfaceParameter>
    <SOPCPort>
     <C>17</C>
     <Direction>Output</Direction>
     <Role>clk</Role>
     <Width>1</Width>
    </SOPCPort>
   </SOPCInterface>
   <SOPCInterface>
    <C>18</C>
    <InterfaceType>reset_start</InterfaceType>
    <SOPCInterfaceParameter>
     <C>19</C>
     <Name>associatedClock</Name>
     <Value></Value>
    </SOPCInterfaceParameter>
    <SOPCInterfaceParameter>
     <C>20</C>
     <Name>associatedDirectReset</Name>
     <Value>clk_in_reset</Value>
    </SOPCInterfaceParameter>
    <SOPCInterfaceParameter>
     <C>21</C>
     <Name>associatedResetSinks</Name>
     <Value>clk_in_reset</Value>
    </SOPCInterfaceParameter>
    <SOPCInterfaceParameter>
     <C>22</C>
     <Name>synchronousEdges</Name>
     <Value>NONE</Value>
    </SOPCInterfaceParameter>
    <SOPCPort>
     <C>23</C>
     <Direction>Output</Direction>
     <Role>reset_n</Role>
     <Width>1</Width>
    </SOPCPort>
   </SOPCInterface>
  </SOPCModule>
  <SOPCModule>
   <C>24</C>
   <ModuleType>altera_nios2</ModuleType>
   <SOPCModuleParameter>
    <C>25</C>
    <Name>userDefinedSettings</Name>
    <Value></Value>
   </SOPCModuleParameter>
   <SOPCModuleParameter>
    <C>26</C>
    <Name>tightlyCoupledInstructionMaster3MapParam</Name>
    <Value></Value>
   </SOPCModuleParameter>
   <SOPCModuleParameter>
    <C>27</C>
    <Name>tightlyCoupledInstructionMaster3AddrWidth</Name>
    <Value>1</Value>
   </SOPCModuleParameter>
   <SOPCModuleParameter>
    <C>28</C>
    <Name>tightlyCoupledInstructionMaster2MapParam</Name>
    <Value></Value>
   </SOPCModuleParameter>
   <SOPCModuleParameter>
    <C>29</C>
    <Name>tightlyCoupledInstructionMaster2AddrWidth</Name>
    <Value>1</Value>
   </SOPCModuleParameter>
   <SOPCModuleParameter>
    <C>30</C>
    <Name>tightlyCoupledInstructionMaster1MapParam</Name>
    <Value></Value>
   </SOPCModuleParameter>
   <SOPCModuleParameter>
    <C>31</C>
    <Name>tightlyCoupledInstructionMaster1AddrWidth</Name>
    <Value>1</Value>
   </SOPCModuleParameter>
   <SOPCModuleParameter>
    <C>32</C>
    <Name>tightlyCoupledInstructionMaster0MapParam</Name>
    <Value></Value>
   </SOPCModuleParameter>
   <SOPCModuleParameter>
    <C>33</C>
    <Name>tightlyCoupledInstructionMaster0AddrWidth</Name>
    <Value>1</Value>
   </SOPCModuleParameter>
   <SOPCModuleParameter>
    <C>34</C>
    <Name>tightlyCoupledDataMaster3MapParam</Name>
    <Value></Value>
   </SOPCModuleParameter>
   <SOPCModuleParameter>
    <C>35</C>
    <Name>tightlyCoupledDataMaster3AddrWidth</Name>
    <Value>1</Value>
   </SOPCModuleParameter>
   <SOPCModuleParameter>
    <C>36</C>
    <Name>tightlyCoupledDataMaster2MapParam</Name>
    <Value></Value>
   </SOPCModuleParameter>
   <SOPCModuleParameter>
    <C>37</C>
    <Name>tightlyCoupledDataMaster2AddrWidth</Name>
    <Value>1</Value>
   </SOPCModuleParameter>
   <SOPCModuleParameter>
    <C>38</C>
    <Name>tightlyCoupledDataMaster1MapParam</Name>
    <Value></Value>
   </SOPCModuleParameter>
   <SOPCModuleParameter>
    <C>39</C>
    <Name>tightlyCoupledDataMaster1AddrWidth</Name>
    <Value>1</Value>
   </SOPCModuleParameter>
   <SOPCModuleParameter>
    <C>40</C>
    <Name>tightlyCoupledDataMaster0MapParam</Name>
    <Value></Value>
   </SOPCModuleParameter>
   <SOPCModuleParameter>
    <C>41</C>
    <Name>tightlyCoupledDataMaster0AddrWidth</Name>
    <Value>1</Value>
   </SOPCModuleParameter>
   <SOPCModuleParameter>
    <C>42</C>
    <Name>setting_showUnpublishedSettings</Name>
    <Value>false</Value>
   </SOPCModuleParameter>
   <SOPCModuleParameter>
    <C>43</C>
    <Name>setting_showInternalSettings</Name>
    <Value>false</Value>
   </SOPCModuleParameter>
   <SOPCModuleParameter>
    <C>44</C>
    <Name>setting_shadowRegisterSets</Name>
    <Value>0</Value>
   </SOPCModuleParameter>
   <SOPCModuleParameter>
    <C>45</C>
    <Name>setting_preciseSlaveAccessErrorException</Name>
    <Value>false</Value>
   </SOPCModuleParameter>
   <SOPCModuleParameter>
    <C>46</C>
    <Name>setting_preciseIllegalMemAccessException</Name>
    <Value>false</Value>
   </SOPCModuleParameter>
   <SOPCModuleParameter>
    <C>47</C>
    <Name>setting_preciseDivisionErrorException</Name>
    <Value>false</Value>
   </SOPCModuleParameter>
   <SOPCModuleParameter>
    <C>48</C>
    <Name>setting_performanceCounter</Name>
    <Value>false</Value>
   </SOPCModuleParameter>
   <SOPCModuleParameter>
    <C>49</C>
    <Name>setting_perfCounterWidth</Name>
    <Value>_32</Value>
   </SOPCModuleParameter>
   <SOPCModuleParameter>
    <C>50</C>
    <Name>setting_interruptControllerType</Name>
    <Value>Internal</Value>
   </SOPCModuleParameter>
   <SOPCModuleParameter>
    <C>51</C>
    <Name>setting_illegalMemAccessDetection</Name>
    <Value>false</Value>
   </SOPCModuleParameter>
   <SOPCModuleParameter>
    <C>52</C>
    <Name>setting_illegalInstructionsTrap</Name>
    <Value>false</Value>
   </SOPCModuleParameter>
   <SOPCModuleParameter>
    <C>53</C>
    <Name>setting_fullWaveformSignals</Name>
    <Value>false</Value>
   </SOPCModuleParameter>
   <SOPCModuleParameter>
    <C>54</C>
    <Name>setting_extraExceptionInfo</Name>
    <Value>false</Value>
   </SOPCModuleParameter>
   <SOPCModuleParameter>
    <C>55</C>
    <Name>setting_exportPCB</Name>
    <Value>false</Value>
   </SOPCModuleParameter>
   <SOPCModuleParameter>
    <C>56</C>
    <Name>setting_debugSimGen</Name>
    <Value>false</Value>
   </SOPCModuleParameter>
   <SOPCModuleParameter>
    <C>57</C>
    <Name>setting_clearXBitsLDNonBypass</Name>
    <Value>true</Value>
   </SOPCModuleParameter>
   <SOPCModuleParameter>
    <C>58</C>
    <Name>setting_branchPredictionType</Name>
    <Value>Automatic</Value>
   </SOPCModuleParameter>
   <SOPCModuleParameter>
    <C>59</C>
    <Name>setting_bit31BypassDCache</Name>
    <Value>true</Value>
   </SOPCModuleParameter>
   <SOPCModuleParameter>
    <C>60</C>
    <Name>setting_bigEndian</Name>
    <Value>false</Value>
   </SOPCModuleParameter>
   <SOPCModuleParameter>
    <C>61</C>
    <Name>setting_bhtPtrSz</Name>
    <Value>_8</Value>
   </SOPCModuleParameter>
   <SOPCModuleParameter>
    <C>62</C>
    <Name>setting_bhtIndexPcOnly</Name>
    <Value>false</Value>
   </SOPCModuleParameter>
   <SOPCModuleParameter>
    <C>63</C>
    <Name>setting_avalonDebugPortPresent</Name>
    <Value>false</Value>
   </SOPCModuleParameter>
   <SOPCModuleParameter>
    <C>64</C>
    <Name>setting_alwaysEncrypt</Name>
    <Value>true</Value>
   </SOPCModuleParameter>
   <SOPCModuleParameter>
    <C>65</C>
    <Name>setting_allowFullAddressRange</Name>
    <Value>false</Value>
   </SOPCModuleParameter>
   <SOPCModuleParameter>
    <C>66</C>
    <Name>setting_activateTrace</Name>
    <Value>true</Value>
   </SOPCModuleParameter>
   <SOPCModuleParameter>
    <C>67</C>
    <Name>setting_activateTestEndChecker</Name>
    <Value>false</Value>
   </SOPCModuleParameter>
   <SOPCModuleParameter>
    <C>68</C>
    <Name>setting_activateMonitors</Name>
    <Value>true</Value>
   </SOPCModuleParameter>
   <SOPCModuleParameter>
    <C>69</C>
    <Name>setting_activateModelChecker</Name>
    <Value>false</Value>
   </SOPCModuleParameter>
   <SOPCModuleParameter>
    <C>70</C>
    <Name>setting_HDLSimCachesCleared</Name>
    <Value>true</Value>
   </SOPCModuleParameter>
   <SOPCModuleParameter>
    <C>71</C>
    <Name>setting_HBreakTest</Name>
    <Value>false</Value>
   </SOPCModuleParameter>
   <SOPCModuleParameter>
    <C>72</C>
    <Name>resetSlave</Name>
    <Value>onchip_memory2_0.s1</Value>
   </SOPCModuleParameter>
   <SOPCModuleParameter>
    <C>73</C>
    <Name>resetOffset</Name>
    <Value>0</Value>
   </SOPCModuleParameter>
   <SOPCModuleParameter>
    <C>74</C>
    <Name>muldiv_multiplierType</Name>
    <Value>EmbeddedMulFast</Value>
   </SOPCModuleParameter>
   <SOPCModuleParameter>
    <C>75</C>
    <Name>muldiv_divider</Name>
    <Value>false</Value>
   </SOPCModuleParameter>
   <SOPCModuleParameter>
    <C>76</C>
    <Name>mpu_useLimit</Name>
    <Value>false</Value>
   </SOPCModuleParameter>
   <SOPCModuleParameter>
    <C>77</C>
    <Name>mpu_numOfInstRegion</Name>
    <Value>8</Value>
   </SOPCModuleParameter>
   <SOPCModuleParameter>
    <C>78</C>
    <Name>mpu_numOfDataRegion</Name>
    <Value>8</Value>
   </SOPCModuleParameter>
   <SOPCModuleParameter>
    <C>79</C>
    <Name>mpu_minInstRegionSize</Name>
    <Value>_12</Value>
   </SOPCModuleParameter>
   <SOPCModuleParameter>
    <C>80</C>
    <Name>mpu_minDataRegionSize</Name>
    <Value>_12</Value>
   </SOPCModuleParameter>
   <SOPCModuleParameter>
    <C>81</C>
    <Name>mpu_enabled</Name>
    <Value>false</Value>
   </SOPCModuleParameter>
   <SOPCModuleParameter>
    <C>82</C>
    <Name>mmu_uitlbNumEntries</Name>
    <Value>_4</Value>
   </SOPCModuleParameter>
   <SOPCModuleParameter>
    <C>83</C>
    <Name>mmu_udtlbNumEntries</Name>
    <Value>_6</Value>
   </SOPCModuleParameter>
   <SOPCModuleParameter>
    <C>84</C>
    <Name>mmu_tlbPtrSz</Name>
    <Value>_7</Value>
   </SOPCModuleParameter>
   <SOPCModuleParameter>
    <C>85</C>
    <Name>mmu_tlbNumWays</Name>
    <Value>_16</Value>
   </SOPCModuleParameter>
   <SOPCModuleParameter>
    <C>86</C>
    <Name>mmu_processIDNumBits</Name>
    <Value>_8</Value>
   </SOPCModuleParameter>
   <SOPCModuleParameter>
    <C>87</C>
    <Name>mmu_enabled</Name>
    <Value>false</Value>
   </SOPCModuleParameter>
   <SOPCModuleParameter>
    <C>88</C>
    <Name>mmu_autoAssignTlbPtrSz</Name>
    <Value>true</Value>
   </SOPCModuleParameter>
   <SOPCModuleParameter>
    <C>89</C>
    <Name>mmu_TLBMissExcSlave</Name>
    <Value></Value>
   </SOPCModuleParameter>
   <SOPCModuleParameter>
    <C>90</C>
    <Name>mmu_TLBMissExcOffset</Name>
    <Value>0</Value>
   </SOPCModuleParameter>
   <SOPCModuleParameter>
    <C>91</C>
    <Name>manuallyAssignCpuID</Name>
    <Value>false</Value>
   </SOPCModuleParameter>
   <SOPCModuleParameter>
    <C>92</C>
    <Name>internalIrqMaskSystemInfo</Name>
    <Value>1</Value>
   </SOPCModuleParameter>
   <SOPCModuleParameter>
    <C>93</C>
    <Name>instSlaveMapParam</Name>
    <Value><![CDATA[<address-map><slave name='onchip_memory2_0.s1' start='0x1000' end='0x2000' /><slave name='cpu_0.jtag_debug_module' start='0x2800' end='0x3000' /></address-map>]]></Value>
   </SOPCModuleParameter>
   <SOPCModuleParameter>
    <C>94</C>
    <Name>instAddrWidth</Name>
    <Value>14</Value>
   </SOPCModuleParameter>
   <SOPCModuleParameter>
    <C>95</C>
    <Name>impl</Name>
    <Value>Tiny</Value>
   </SOPCModuleParameter>
   <SOPCModuleParameter>
    <C>96</C>
    <Name>icache_size</Name>
    <Value>_4096</Value>
   </SOPCModuleParameter>
   <SOPCModuleParameter>
    <C>97</C>
    <Name>icache_ramBlockType</Name>
    <Value>Automatic</Value>
   </SOPCModuleParameter>
   <SOPCModuleParameter>
    <C>98</C>
    <Name>icache_numTCIM</Name>
    <Value>_0</Value>
   </SOPCModuleParameter>
   <SOPCModuleParameter>
    <C>99</C>
    <Name>icache_burstType</Name>
    <Value>None</Value>
   </SOPCModuleParameter>
   <SOPCModuleParameter>
    <C>100</C>
    <Name>exceptionSlave</Name>
    <Value>onchip_memory2_0.s1</Value>
   </SOPCModuleParameter>
   <SOPCModuleParameter>
    <C>101</C>
    <Name>exceptionOffset</Name>
    <Value>32</Value>
   </SOPCModuleParameter>
   <SOPCModuleParameter>
    <C>102</C>
    <Name>deviceFeaturesSystemInfo</Name>
    <Value>ADDRESS_STALL 1 CELL_LEVEL_BACK_ANNOTATION_DISABLED 0 COMPILER_SUPPORT 1 DSP 0 DSP_SHIFTER_BLOCK 0 DUMP_ASM_LAB_BITS_FOR_POWER 1 EMUL 1 ENABLE_ADVANCED_IO_ANALYSIS_GUI_FEATURES 0 EPCS 1 ESB 0 FAKE1 0 FAKE2 0 FAKE3 0 FITTER_USE_FALLING_EDGE_DELAY 0 GENERATE_DC_ON_CURRENT_WARNING_FOR_INTERNAL_CLAMPING_DIODE 0 HARDCOPY 0 HAS_18_BIT_MULTS 0 HAS_ACE_SUPPORT 1 HAS_ADJUSTABLE_OUTPUT_IO_TIMING_MEAS_POINT 0 HAS_ADVANCED_IO_INVERTED_CORNER 0 HAS_ADVANCED_IO_POWER_SUPPORT 0 HAS_ADVANCED_IO_TIMING_SUPPORT 0 HAS_ALM_SUPPORT 0 HAS_ATOM_AND_ROUTING_POWER_MODELED_TOGETHER 0 HAS_AUTO_DERIVE_CLOCK_UNCERTAINTY_SUPPORT 0 HAS_AUTO_FIT_SUPPORT 1 HAS_BALANCED_OPT_TECHNIQUE_SUPPORT 1 HAS_BENEFICIAL_SKEW_SUPPORT 0 HAS_BITLEVEL_DRIVE_STRENGTH_CONTROL 0 HAS_BSDL_FILE_GENERATION 0 HAS_CGA_SUPPORT 1 HAS_CHECK_NETLIST_SUPPORT 1 HAS_CLOCK_REGION_CHECKER_ENABLED 1 HAS_CORE_JUNCTION_TEMP_DERATING 1 HAS_CROSSTALK_SUPPORT 0 HAS_CUSTOM_REGION_SUPPORT 1 HAS_DATA_DRIVEN_ACVQ_HSSI_SUPPORT 0 HAS_DDB_FDI_SUPPORT 0 HAS_DESIGN_ANALYZER_SUPPORT 1 HAS_DETAILED_IO_RAIL_POWER_MODEL 1 HAS_DETAILED_LEIM_STATIC_POWER_MODEL 0 HAS_DETAILED_LE_POWER_MODEL 1 HAS_DETAILED_ROUTING_MUX_STATIC_POWER_MODEL 0 HAS_DETAILED_THERMAL_CIRCUIT_PARAMETER_SUPPORT 1 HAS_DEVICE_MIGRATION_SUPPORT 1 HAS_DIAGONAL_MIGRATION_SUPPORT 0 HAS_EMIF_TOOLKIT_SUPPORT 0 HAS_FAMILY_VARIANT_MIGRATION_SUPPORT 0 HAS_FANOUT_FREE_NODE_SUPPORT 1 HAS_FAST_FIT_SUPPORT 1 HAS_FITTER_EARLY_TIMING_ESTIMATE_SUPPORT 1 HAS_FITTER_ECO_SUPPORT 1 HAS_FIT_NETLIST_OPT_RETIME_SUPPORT 1 HAS_FIT_NETLIST_OPT_SUPPORT 1 HAS_FORMAL_VERIFICATION_SUPPORT 1 HAS_FPGA_XCHANGE_SUPPORT 1 HAS_FSAC_LUTRAM_REGISTER_PACKING_SUPPORT 0 HAS_FULL_DAT_MIN_TIMING_SUPPORT 1 HAS_FULL_INCREMENTAL_DESIGN_SUPPORT 1 HAS_FUNCTIONAL_SIMULATION_SUPPORT 1 HAS_GLITCH_FILTERING_SUPPORT 1 HAS_HC_READY_SUPPORT 0 HAS_HIGH_SPEED_LOW_POWER_TILE_SUPPORT 0 HAS_HOLD_TIME_AVOIDANCE_ACROSS_CLOCK_SPINE_SUPPORT 1 HAS_HSPICE_WRITER_SUPPORT 0 HAS_HSSI_POWER_CALCULATOR 0 HAS_IBISO_WRITER_SUPPORT 1 HAS_INCREMENTAL_DAT_SUPPORT 0 HAS_INCREMENTAL_SYNTHESIS_SUPPORT 1 HAS_IO_ASSIGNMENT_ANALYSIS_SUPPORT 1 HAS_IO_DECODER 0 HAS_IO_PLACEMENT_OPTIMIZATION_SUPPORT 1 HAS_IO_SMART_RECOMPILE_SUPPORT 1 HAS_JITTER_SUPPORT 0 HAS_JTAG_SLD_HUB_SUPPORT 1 HAS_LOGIC_LOCK_SUPPORT 1 HAS_MICROPROCESSOR 0 HAS_MIF_SMART_COMPILE_SUPPORT 1 HAS_MINMAX_TIMING_MODELING_SUPPORT 0 HAS_MIN_TIMING_ANALYSIS_SUPPORT 1 HAS_MUX_RESTRUCTURE_SUPPORT 1 HAS_NEW_HC_FLOW_SUPPORT 0 HAS_NEW_SERDES_MAX_RESOURCE_COUNT_REPORTING_SUPPORT 0 HAS_NEW_VPR_SUPPORT 1 HAS_NONSOCKET_TECHNOLOGY_MIGRATION_SUPPORT 0 HAS_NO_JTAG_USERCODE_SUPPORT 0 HAS_OPERATING_SETTINGS_AND_CONDITIONS_REPORTING_SUPPORT 1 HAS_PAD_LOCATION_ASSIGNMENT_SUPPORT 1 HAS_PARTIAL_RECONFIG_SUPPORT 0 HAS_PHYSICAL_NETLIST_OUTPUT 0 HAS_PHYSICAL_ROUTING_SUPPORT 0 HAS_PIN_SPECIFIC_VOLTAGE_SUPPORT 0 HAS_PLDM_REF_SUPPORT 1 HAS_POWER_ESTIMATION_SUPPORT 1 HAS_PRELIMINARY_CLOCK_UNCERTAINTY_NUMBERS 0 HAS_PRE_FITTER_FPP_SUPPORT 0 HAS_PRE_FITTER_LUTRAM_NETLIST_CHECKER_ENABLED 0 HAS_PVA_SUPPORT 1 HAS_RCF_SUPPORT 1 HAS_RCF_SUPPORT_FOR_DEBUGGING 0 HAS_RED_BLACK_SEPARATION_SUPPORT 0 HAS_RE_LEVEL_TIMING_GRAPH_SUPPORT 0 HAS_RISEFALL_DELAY_SUPPORT 1 HAS_SIGNAL_PROBE_SUPPORT 1 HAS_SIGNAL_TAP_SUPPORT 1 HAS_SIMULATOR_SUPPORT 1 HAS_SPLIT_IO_SUPPORT 0 HAS_SPLIT_LC_SUPPORT 1 HAS_SYNTH_FSYN_NETLIST_OPT_SUPPORT 0 HAS_SYNTH_NETLIST_OPT_RETIME_SUPPORT 1 HAS_SYNTH_NETLIST_OPT_SUPPORT 1 HAS_TECHNOLOGY_MIGRATION_SUPPORT 0 HAS_TEMPLATED_REGISTER_PACKING_SUPPORT 1 HAS_TIME_BORROWING_SUPPORT 0 HAS_TIMING_DRIVEN_SYNTHESIS_SUPPORT 1 HAS_TIMING_INFO_SUPPORT 1 HAS_TIMING_OPERATING_CONDITIONS 0 HAS_TIMING_SIMULATION_SUPPORT 1 HAS_TITAN_BASED_MAC_REGISTER_PACKER_SUPPORT 0 HAS_USER_HIGH_SPEED_LOW_POWER_TILE_SUPPORT 0 HAS_USE_FITTER_INFO_SUPPORT 1 HAS_VCCPD_POWER_RAIL 0 HAS_VERTICAL_MIGRATION_SUPPORT 1 HAS_VIEWDRAW_SYMBOL_SUPPORT 1 HAS_VIO_SUPPORT 1 HAS_VIRTUAL_DEVICES 0 HAS_WYSIWYG_DFFEAS_SUPPORT 0 HAS_XIBISO_WRITER_SUPPORT 0 INCREMENTAL_DESIGN_SUPPORTS_COMPATIBLE_CONSTRAINTS 0 INSTALLED 0 IS_CONFIG_ROM 0 IS_DEFAULT_FAMILY 0 IS_HARDCOPY_FAMILY 0 LVDS_IO 0 M10K_MEMORY 0 M144K_MEMORY 0 M20K_MEMORY 0 M4K_MEMORY 1 M512_MEMORY 0 M9K_MEMORY 0 MLAB_MEMORY 0 MRAM_MEMORY 0 NOT_LISTED 0 NO_RPE_SUPPORT 0 NO_SUPPORT_FOR_LOGICLOCK_CONTENT_BACK_ANNOTATION 0 NO_SUPPORT_FOR_STA_CLOCK_UNCERTAINTY_CHECK 1 NO_TDC_SUPPORT 0 POSTFIT_BAK_DATABASE_EXPORT_ENABLED 1 POSTMAP_BAK_DATABASE_EXPORT_ENABLED 1 PROGRAMMER_SUPPORT 1 QFIT_IN_DEVELOPMENT 0 QMAP_IN_DEVELOPMENT 0 RAM_LOGICAL_NAME_CHECKING_IN_CUT_ENABLED 1 REPORTS_METASTABILITY_MTBF 0 REQUIRES_INSTALLATION_PATCH 0 REQUIRES_LIST_OF_TEMPERATURE_AND_VOLTAGE_OPERATING_CONDITIONS 0 RESERVES_SIGNAL_PROBE_PINS 0 RESOLVE_MAX_FANOUT_EARLY 1 RESOLVE_MAX_FANOUT_LATE 0 RESPECTS_FIXED_SIZED_LOCKED_LOCATION_LOGICLOCK 1 RESTRICTED_USER_SELECTION 0 RISEFALL_SUPPORT_IS_HIDDEN 1 SUPPORTS_ADDITIONAL_OPTIONS_FOR_UNUSED_IO 1 SUPPORTS_CRC 1 SUPPORTS_DIFFERENTIAL_AIOT_BOARD_TRACE_MODEL 0 SUPPORTS_DSP_BALANCING_BACK_ANNOTATION 0 SUPPORTS_GENERATION_OF_EARLY_POWER_ESTIMATOR_FILE 1 SUPPORTS_GLOBAL_SIGNAL_BACK_ANNOTATION 0 SUPPORTS_MAC_CHAIN_OUT_ADDER 0 SUPPORTS_RAM_PACKING_BACK_ANNOTATION 0 SUPPORTS_REG_PACKING_BACK_ANNOTATION 0 SUPPORTS_SIGNALPROBE_REGISTER_PIPELINING 1 SUPPORTS_SINGLE_ENDED_AIOT_BOARD_TRACE_MODEL 0 SUPPORTS_USER_MANUAL_LOGIC_DUPLICATION 1 TMV_RUN_CUSTOMIZABLE_VIEWER 1 TMV_RUN_INTERNAL_DETAILS 1 TMV_RUN_INTERNAL_DETAILS_ON_IO 1 TMV_RUN_INTERNAL_DETAILS_ON_IOBUF 0 TMV_RUN_INTERNAL_DETAILS_ON_LCELL 0 TMV_RUN_INTERNAL_DETAILS_ON_LRAM 0 TRANSCEIVER_3G_BLOCK 0 TRANSCEIVER_6G_BLOCK 0 USES_ACV_FOR_FLED 1 USES_ADB_FOR_BACK_ANNOTATION 0 USES_ASIC_ROUTING_POWER_CALCULATOR 0 USES_DATA_DRIVEN_PLL_COMPUTATION_UTIL 1 USES_DEV 1 USES_ICP_FOR_ECO_FITTER 0 USES_LIBERTY_TIMING 0 USES_POWER_SIGNAL_ACTIVITIES 1 USES_THIRD_GENERATION_TIMING_MODELS_TIS 0 USE_ADVANCED_IO_POWER_BY_DEFAULT 0 USE_ADVANCED_IO_TIMING_BY_DEFAULT 0 USE_BASE_FAMILY_DDB_PATH 0 USE_OCT_AUTO_CALIBRATION 0 USE_RISEFALL_ONLY 0 USE_SEPARATE_LIST_FOR_TECH_MIGRATION 0 USE_SINGLE_COMPILER_PASS_PLL_MIF_FILE_WRITER 0 USE_TITAN_IO_BASED_IO_REGISTER_PACKER_UTIL 0 WYSIWYG_BUS_WIDTH_CHECKING_IN_CUT_ENABLED 0</Value>
   </SOPCModuleParameter>
   <SOPCModuleParameter>
    <C>103</C>
    <Name>deviceFamilyName</Name>
    <Value>Cyclone II</Value>
   </SOPCModuleParameter>
   <SOPCModuleParameter>
    <C>104</C>
    <Name>debug_triggerArming</Name>
    <Value>true</Value>
   </SOPCModuleParameter>
   <SOPCModuleParameter>
    <C>105</C>
    <Name>debug_level</Name>
    <Value>Level1</Value>
   </SOPCModuleParameter>
   <SOPCModuleParameter>
    <C>106</C>
    <Name>debug_jtagInstanceID</Name>
    <Value>0</Value>
   </SOPCModuleParameter>
   <SOPCModuleParameter>
    <C>107</C>
    <Name>debug_embeddedPLL</Name>
    <Value>true</Value>
   </SOPCModuleParameter>
   <SOPCModuleParameter>
    <C>108</C>
    <Name>debug_debugReqSignals</Name>
    <Value>false</Value>
   </SOPCModuleParameter>
   <SOPCModuleParameter>
    <C>109</C>
    <Name>debug_assignJtagInstanceID</Name>
    <Value>false</Value>
   </SOPCModuleParameter>
   <SOPCModuleParameter>
    <C>110</C>
    <Name>debug_OCIOnchipTrace</Name>
    <Value>_128</Value>
   </SOPCModuleParameter>
   <SOPCModuleParameter>
    <C>111</C>
    <Name>dcache_size</Name>
    <Value>_2048</Value>
   </SOPCModuleParameter>
   <SOPCModuleParameter>
    <C>112</C>
    <Name>dcache_ramBlockType</Name>
    <Value>Automatic</Value>
   </SOPCModuleParameter>
   <SOPCModuleParameter>
    <C>113</C>
    <Name>dcache_omitDataMaster</Name>
    <Value>false</Value>
   </SOPCModuleParameter>
   <SOPCModuleParameter>
    <C>114</C>
    <Name>dcache_numTCDM</Name>
    <Value>_0</Value>
   </SOPCModuleParameter>
   <SOPCModuleParameter>
    <C>115</C>
    <Name>dcache_lineSize</Name>
    <Value>_32</Value>
   </SOPCModuleParameter>
   <SOPCModuleParameter>
    <C>116</C>
    <Name>dcache_bursts</Name>
    <Value>false</Value>
   </SOPCModuleParameter>
   <SOPCModuleParameter>
    <C>117</C>
    <Name>dataSlaveMapParam</Name>
    <Value><![CDATA[<address-map><slave name='cpu_0.jtag_debug_module' start='0x2800' end='0x3000' /><slave name='jtag_uart_0.avalon_jtag_slave' start='0x3000' end='0x3008' /><slave name='drawlines_slave.s1' start='0x700000' end='0x700020' /></address-map>]]></Value>
   </SOPCModuleParameter>
   <SOPCModuleParameter>
    <C>118</C>
    <Name>dataAddrWidth</Name>
    <Value>23</Value>
   </SOPCModuleParameter>
   <SOPCModuleParameter>
    <C>119</C>
    <Name>customInstSlavesSystemInfo</Name>
    <Value><![CDATA[<info/>]]></Value>
   </SOPCModuleParameter>
   <SOPCModuleParameter>
    <C>120</C>
    <Name>cpuReset</Name>
    <Value>false</Value>
   </SOPCModuleParameter>
   <SOPCModuleParameter>
    <C>121</C>
    <Name>cpuID</Name>
    <Value>0</Value>
   </SOPCModuleParameter>
   <SOPCModuleParameter>
    <C>122</C>
    <Name>clockFrequency</Name>
    <Value>50000000</Value>
   </SOPCModuleParameter>
   <SOPCModuleParameter>
    <C>123</C>
    <Name>breakSlave</Name>
    <Value>cpu_0.jtag_debug_module</Value>
   </SOPCModuleParameter>
   <SOPCModuleParameter>
    <C>124</C>
    <Name>breakOffset</Name>
    <Value>32</Value>
   </SOPCModuleParameter>
  </SOPCModule>
  <SOPCModule>
   <C>125</C>
   <ModuleType>altera_avalon_onchip_memory2</ModuleType>
   <SOPCModuleParameter>
    <C>126</C>
    <Name>allowInSystemMemoryContentEditor</Name>
    <Value>false</Value>
   </SOPCModuleParameter>
   <SOPCModuleParameter>
    <C>127</C>
    <Name>autoInitializationFileName</Name>
    <Value>onchip_memory2_0</Value>
   </SOPCModuleParameter>
   <SOPCModuleParameter>
    <C>128</C>
    <Name>blockType</Name>
    <Value>AUTO</Value>
   </SOPCModuleParameter>
   <SOPCModuleParameter>
    <C>129</C>
    <Name>dataWidth</Name>
    <Value>32</Value>
   </SOPCModuleParameter>
   <SOPCModuleParameter>
    <C>130</C>
    <Name>deviceFamily</Name>
    <Value>Cyclone II</Value>
   </SOPCModuleParameter>
   <SOPCModuleParameter>
    <C>131</C>
    <Name>dualPort</Name>
    <Value>false</Value>
   </SOPCModuleParameter>
   <SOPCModuleParameter>
    <C>132</C>
    <Name>initMemContent</Name>
    <Value>true</Value>
   </SOPCModuleParameter>
   <SOPCModuleParameter>
    <C>133</C>
    <Name>initializationFileName</Name>
    <Value>onchip_memory2_0</Value>
   </SOPCModuleParameter>
   <SOPCModuleParameter>
    <C>134</C>
    <Name>instanceID</Name>
    <Value>NONE</Value>
   </SOPCModuleParameter>
   <SOPCModuleParameter>
    <C>135</C>
    <Name>memorySize</Name>
    <Value>4096</Value>
   </SOPCModuleParameter>
   <SOPCModuleParameter>
    <C>136</C>
    <Name>readDuringWriteMode</Name>
    <Value>DONT_CARE</Value>
   </SOPCModuleParameter>
   <SOPCModuleParameter>
    <C>137</C>
    <Name>simAllowMRAMContentsFile</Name>
    <Value>false</Value>
   </SOPCModuleParameter>
   <SOPCModuleParameter>
    <C>138</C>
    <Name>simMemInitOnlyFilename</Name>
    <Value>0</Value>
   </SOPCModuleParameter>
   <SOPCModuleParameter>
    <C>139</C>
    <Name>singleClockOperation</Name>
    <Value>false</Value>
   </SOPCModuleParameter>
   <SOPCModuleParameter>
    <C>140</C>
    <Name>slave1Latency</Name>
    <Value>1</Value>
   </SOPCModuleParameter>
   <SOPCModuleParameter>
    <C>141</C>
    <Name>slave2Latency</Name>
    <Value>1</Value>
   </SOPCModuleParameter>
   <SOPCModuleParameter>
    <C>142</C>
    <Name>useNonDefaultInitFile</Name>
    <Value>false</Value>
   </SOPCModuleParameter>
   <SOPCModuleParameter>
    <C>143</C>
    <Name>useShallowMemBlocks</Name>
    <Value>false</Value>
   </SOPCModuleParameter>
   <SOPCModuleParameter>
    <C>144</C>
    <Name>writable</Name>
    <Value>true</Value>
   </SOPCModuleParameter>
  </SOPCModule>
  <SOPCModule>
   <C>145</C>
   <ModuleType>non_altera_module</ModuleType>
   <SOPCInterface>
    <C>146</C>
    <InterfaceType>avalon_end</InterfaceType>
    <SOPCInterfaceParameter>
     <C>147</C>
     <Name>addressAlignment</Name>
     <Value>DYNAMIC</Value>
    </SOPCInterfaceParameter>
    <SOPCInterfaceParameter>
     <C>148</C>
     <Name>addressGroup</Name>
     <Value>0</Value>
    </SOPCInterfaceParameter>
    <SOPCInterfaceParameter>
     <C>149</C>
     <Name>addressSpan</Name>
     <Value>32</Value>
    </SOPCInterfaceParameter>
    <SOPCInterfaceParameter>
     <C>150</C>
     <Name>addressUnits</Name>
     <Value>WORDS</Value>
    </SOPCInterfaceParameter>
    <SOPCInterfaceParameter>
     <C>151</C>
     <Name>alwaysBurstMaxBurst</Name>
     <Value>false</Value>
    </SOPCInterfaceParameter>
    <SOPCInterfaceParameter>
     <C>152</C>
     <Name>associatedClock</Name>
     <Value>clock</Value>
    </SOPCInterfaceParameter>
    <SOPCInterfaceParameter>
     <C>153</C>
     <Name>associatedReset</Name>
     <Value>reset</Value>
    </SOPCInterfaceParameter>
    <SOPCInterfaceParameter>
     <C>154</C>
     <Name>bitsPerSymbol</Name>
     <Value>8</Value>
    </SOPCInterfaceParameter>
    <SOPCInterfaceParameter>
     <C>155</C>
     <Name>bridgesToMaster</Name>
     <Value></Value>
    </SOPCInterfaceParameter>
    <SOPCInterfaceParameter>
     <C>156</C>
     <Name>burstOnBurstBoundariesOnly</Name>
     <Value>false</Value>
    </SOPCInterfaceParameter>
    <SOPCInterfaceParameter>
     <C>157</C>
     <Name>burstcountUnits</Name>
     <Value>WORDS</Value>
    </SOPCInterfaceParameter>
    <SOPCInterfaceParameter>
     <C>158</C>
     <Name>constantBurstBehavior</Name>
     <Value>false</Value>
    </SOPCInterfaceParameter>
    <SOPCInterfaceParameter>
     <C>159</C>
     <Name>explicitAddressSpan</Name>
     <Value>0</Value>
    </SOPCInterfaceParameter>
    <SOPCInterfaceParameter>
     <C>160</C>
     <Name>holdTime</Name>
     <Value>0</Value>
    </SOPCInterfaceParameter>
    <SOPCInterfaceParameter>
     <C>161</C>
     <Name>interleaveBursts</Name>
     <Value>false</Value>
    </SOPCInterfaceParameter>
    <SOPCInterfaceParameter>
     <C>162</C>
     <Name>isBigEndian</Name>
     <Value>false</Value>
    </SOPCInterfaceParameter>
    <SOPCInterfaceParameter>
     <C>163</C>
     <Name>isFlash</Name>
     <Value>false</Value>
    </SOPCInterfaceParameter>
    <SOPCInterfaceParameter>
     <C>164</C>
     <Name>isMemoryDevice</Name>
     <Value>false</Value>
    </SOPCInterfaceParameter>
    <SOPCInterfaceParameter>
     <C>165</C>
     <Name>isNonVolatileStorage</Name>
     <Value>false</Value>
    </SOPCInterfaceParameter>
    <SOPCInterfaceParameter>
     <C>166</C>
     <Name>linewrapBursts</Name>
     <Value>false</Value>
    </SOPCInterfaceParameter>
    <SOPCInterfaceParameter>
     <C>167</C>
     <Name>maximumPendingReadTransactions</Name>
     <Value>0</Value>
    </SOPCInterfaceParameter>
    <SOPCInterfaceParameter>
     <C>168</C>
     <Name>minimumUninterruptedRunLength</Name>
     <Value>1</Value>
    </SOPCInterfaceParameter>
    <SOPCInterfaceParameter>
     <C>169</C>
     <Name>printableDevice</Name>
     <Value>false</Value>
    </SOPCInterfaceParameter>
    <SOPCInterfaceParameter>
     <C>170</C>
     <Name>readLatency</Name>
     <Value>0</Value>
    </SOPCInterfaceParameter>
    <SOPCInterfaceParameter>
     <C>171</C>
     <Name>readWaitStates</Name>
     <Value>1</Value>
    </SOPCInterfaceParameter>
    <SOPCInterfaceParameter>
     <C>172</C>
     <Name>readWaitTime</Name>
     <Value>1</Value>
    </SOPCInterfaceParameter>
    <SOPCInterfaceParameter>
     <C>173</C>
     <Name>registerIncomingSignals</Name>
     <Value>false</Value>
    </SOPCInterfaceParameter>
    <SOPCInterfaceParameter>
     <C>174</C>
     <Name>registerOutgoingSignals</Name>
     <Value>false</Value>
    </SOPCInterfaceParameter>
    <SOPCInterfaceParameter>
     <C>175</C>
     <Name>setupTime</Name>
     <Value>0</Value>
    </SOPCInterfaceParameter>
    <SOPCInterfaceParameter>
     <C>176</C>
     <Name>timingUnits</Name>
     <Value>Cycles</Value>
    </SOPCInterfaceParameter>
    <SOPCInterfaceParameter>
     <C>177</C>
     <Name>transparentBridge</Name>
     <Value>false</Value>
    </SOPCInterfaceParameter>
    <SOPCInterfaceParameter>
     <C>178</C>
     <Name>wellBehavedWaitrequest</Name>
     <Value>false</Value>
    </SOPCInterfaceParameter>
    <SOPCInterfaceParameter>
     <C>179</C>
     <Name>writeLatency</Name>
     <Value>0</Value>
    </SOPCInterfaceParameter>
    <SOPCInterfaceParameter>
     <C>180</C>
     <Name>writeWaitStates</Name>
     <Value>0</Value>
    </SOPCInterfaceParameter>
    <SOPCInterfaceParameter>
     <C>181</C>
     <Name>writeWaitTime</Name>
     <Value>0</Value>
    </SOPCInterfaceParameter>
    <SOPCPort>
     <C>182</C>
     <Direction>Input</Direction>
     <Role>chipselect</Role>
     <Width>1</Width>
    </SOPCPort>
    <SOPCPort>
     <C>183</C>
     <Direction>Input</Direction>
     <Role>address</Role>
     <Width>3</Width>
    </SOPCPort>
    <SOPCPort>
     <C>184</C>
     <Direction>Input</Direction>
     <Role>read</Role>
     <Width>1</Width>
    </SOPCPort>
    <SOPCPort>
     <C>185</C>
     <Direction>Input</Direction>
     <Role>write</Role>
     <Width>1</Width>
    </SOPCPort>
    <SOPCPort>
     <C>186</C>
     <Direction>Input</Direction>
     <Role>writedata</Role>
     <Width>32</Width>
    </SOPCPort>
    <SOPCPort>
     <C>187</C>
     <Direction>Output</Direction>
     <Role>readdata</Role>
     <Width>32</Width>
    </SOPCPort>
    <SOPCPort>
     <C>188</C>
     <Direction>Output</Direction>
     <Role>waitrequest</Role>
     <Width>1</Width>
    </SOPCPort>
   </SOPCInterface>
   <SOPCInterface>
    <C>189</C>
    <InterfaceType>conduit_end</InterfaceType>
    <SOPCPort>
     <C>190</C>
     <Direction>Output</Direction>
     <Role>export</Role>
     <Width>10</Width>
    </SOPCPort>
    <SOPCPort>
     <C>191</C>
     <Direction>Output</Direction>
     <Role>export</Role>
     <Width>10</Width>
    </SOPCPort>
    <SOPCPort>
     <C>192</C>
     <Direction>Output</Direction>
     <Role>export</Role>
     <Width>1</Width>
    </SOPCPort>
    <SOPCPort>
     <C>193</C>
     <Direction>Output</Direction>
     <Role>export</Role>
     <Width>10</Width>
    </SOPCPort>
    <SOPCPort>
     <C>194</C>
     <Direction>Output</Direction>
     <Role>export</Role>
     <Width>1</Width>
    </SOPCPort>
    <SOPCPort>
     <C>195</C>
     <Direction>Output</Direction>
     <Role>export</Role>
     <Width>1</Width>
    </SOPCPort>
    <SOPCPort>
     <C>196</C>
     <Direction>Output</Direction>
     <Role>export</Role>
     <Width>1</Width>
    </SOPCPort>
    <SOPCPort>
     <C>197</C>
     <Direction>Output</Direction>
     <Role>export</Role>
     <Width>1</Width>
    </SOPCPort>
    <SOPCPort>
     <C>198</C>
     <Direction>Output</Direction>
     <Role>export</Role>
     <Width>9</Width>
    </SOPCPort>
   </SOPCInterface>
   <SOPCInterface>
    <C>199</C>
    <InterfaceType>clock_end</InterfaceType>
    <SOPCInterfaceParameter>
     <C>200</C>
     <Name>clockRate</Name>
     <Value>0</Value>
    </SOPCInterfaceParameter>
    <SOPCInterfaceParameter>
     <C>201</C>
     <Name>externallyDriven</Name>
     <Value>false</Value>
    </SOPCInterfaceParameter>
    <SOPCInterfaceParameter>
     <C>202</C>
     <Name>ptfSchematicName</Name>
     <Value></Value>
    </SOPCInterfaceParameter>
    <SOPCPort>
     <C>203</C>
     <Direction>Input</Direction>
     <Role>clk</Role>
     <Width>1</Width>
    </SOPCPort>
   </SOPCInterface>
   <SOPCInterface>
    <C>204</C>
    <InterfaceType>reset_end</InterfaceType>
    <SOPCInterfaceParameter>
     <C>205</C>
     <Name>associatedClock</Name>
     <Value>clock</Value>
    </SOPCInterfaceParameter>
    <SOPCInterfaceParameter>
     <C>206</C>
     <Name>synchronousEdges</Name>
     <Value>DEASSERT</Value>
    </SOPCInterfaceParameter>
    <SOPCPort>
     <C>207</C>
     <Direction>Input</Direction>
     <Role>reset</Role>
     <Width>1</Width>
    </SOPCPort>
   </SOPCInterface>
  </SOPCModule>
  <SOPCModule>
   <C>208</C>
   <ModuleType>altera_avalon_jtag_uart</ModuleType>
   <SOPCModuleParameter>
    <C>209</C>
    <Name>allowMultipleConnections</Name>
    <Value>false</Value>
   </SOPCModuleParameter>
   <SOPCModuleParameter>
    <C>210</C>
    <Name>hubInstanceID</Name>
    <Value>0</Value>
   </SOPCModuleParameter>
   <SOPCModuleParameter>
    <C>211</C>
    <Name>readBufferDepth</Name>
    <Value>64</Value>
   </SOPCModuleParameter>
   <SOPCModuleParameter>
    <C>212</C>
    <Name>readIRQThreshold</Name>
    <Value>8</Value>
   </SOPCModuleParameter>
   <SOPCModuleParameter>
    <C>213</C>
    <Name>simInputCharacterStream</Name>
    <Value></Value>
   </SOPCModuleParameter>
   <SOPCModuleParameter>
    <C>214</C>
    <Name>simInteractiveOptions</Name>
    <Value>INTERACTIVE_ASCII_OUTPUT</Value>
   </SOPCModuleParameter>
   <SOPCModuleParameter>
    <C>215</C>
    <Name>useRegistersForReadBuffer</Name>
    <Value>false</Value>
   </SOPCModuleParameter>
   <SOPCModuleParameter>
    <C>216</C>
    <Name>useRegistersForWriteBuffer</Name>
    <Value>false</Value>
   </SOPCModuleParameter>
   <SOPCModuleParameter>
    <C>217</C>
    <Name>useRelativePathForSimFile</Name>
    <Value>false</Value>
   </SOPCModuleParameter>
   <SOPCModuleParameter>
    <C>218</C>
    <Name>writeBufferDepth</Name>
    <Value>64</Value>
   </SOPCModuleParameter>
   <SOPCModuleParameter>
    <C>219</C>
    <Name>writeIRQThreshold</Name>
    <Value>8</Value>
   </SOPCModuleParameter>
  </SOPCModule>
  <SystemID>683830673</SystemID>
 </SOPCSystem>
 <SchemaVersion>schema_2011-08-26</SchemaVersion>
</ProgramExecution>
